;NumLayers;Completed_Num;Completed_Total;Completed_Avg;Failed_Num;Failed_Total;Failed_Avg;Terminated_Num;Terminated_Total;Terminated_Avg;Sum_Num;Sum_Total;All_Avg
0;6;739;7330.062999999999;9.91889445196211;13;89.405;6.877307692307692;283;1866.69;6.596077738515901;1035;9286.158;8.972133333333332
1;9;774;9548.162000000004;12.336126614987085;16;134.37;8.398125;245;2194.9840000000027;8.95911836734695;1035;11877.516000000007;11.475860869565224
2;12;732;7362.736999999995;10.058383879781413;16;117.141;7.3213125;287;2940.8250000000003;10.246777003484322;1035;10420.702999999994;10.06831207729468
3;15;717;7784.988999999995;10.857725244072517;26;354.19399999999985;13.622846153846147;292;3130.8400000000024;10.722054794520556;1035;11270.022999999997;10.888911111111108
4;18;708;9250.612999999985;13.065837570621447;26;276.314;10.627461538461539;301;3529.5329999999994;11.726023255813951;1035;13056.459999999985;12.614937198067619
5;21;679;9078.429000000002;13.370293078055967;38;544.208;14.321263157894736;318;3826.511999999998;12.033056603773579;1035;13449.149000000001;12.994346859903382
