;NumLayers;Completed_Num;Completed_Total;Completed_Avg;Failed_Num;Failed_Total;Failed_Avg;Terminated_Num;Terminated_Total;Terminated_Avg;Sum_Num;Sum_Total;All_Avg
0;6;739;7330.063;9.91889445196211;13;89.405;6.877307692307692;283;1866.69;6.596077738515901;1035;9286.158;8.972133333333332
1;9;774;9548.162;12.33612661498708;16;134.37;8.398125;245;2194.984;8.959118367346939;1035;11877.516000000001;11.475860869565219
2;12;732;7362.737;10.05838387978142;16;117.141;7.3213125;287;2940.8250000000003;10.246777003484322;1035;10420.703;10.068312077294685
3;15;717;7784.9890000000005;10.857725244072524;26;354.194;13.622846153846154;292;3130.84;10.722054794520549;1035;11270.023000000001;10.888911111111112
4;18;708;9250.613000000001;13.06583757062147;26;276.314;10.627461538461539;301;3529.533;11.726023255813953;1035;13056.460000000001;12.614937198067635
5;21;679;9078.429;13.370293078055965;38;544.208;14.321263157894736;318;3826.512;12.033056603773586;1035;13449.149000000001;12.994346859903382
