;NumLayers;Completed_Num;Completed_Total;Completed_Avg;Failed_Num;Failed_Total;Failed_Avg;Terminated_Num;Terminated_Total;Terminated_Avg;Sum_Num;Sum_Total;All_Avg
0;6;739;5598.762;7.576132611637347;13;78.485;6.037307692307692;283;1369.452;4.839053003533569;1035;7046.699;6.808404830917874
1;9;774;7111.133;9.187510335917313;16;108.995;6.8121875;245;1524.931;6.224208163265306;1035;8745.059;8.449332367149758
2;12;732;6413.881;8.762132513661202;16;111.766;6.985375;287;2231.277;7.774484320557492;1035;8756.923999999999;8.4607961352657
3;15;717;6827.991;9.523;26;334.30400000000003;12.857846153846156;292;2873.754;9.841623287671233;1035;10036.048999999999;9.696665700483091
4;18;708;7652.103;10.808055084745762;26;246.834;9.493615384615385;301;3289.363;10.928116279069767;1035;11188.3;10.809951690821256
5;21;679;7787.346;11.468845360824742;38;452.208;11.90021052631579;318;3595.158;11.305528301886792;1035;11834.712;11.434504347826087
