;NumLayers;Completed_Abs;Completed_Rel;Failed_Abs;Failed_Rel;Terminated_Abs;Terminated_Rel;Sum;Sum_Rel
0;12;732;0.7072463768115942;16;0.015458937198067632;287;0.2772946859903382;1035;1.0
1;15;717;0.6927536231884058;26;0.025120772946859903;292;0.2821256038647343;1035;1.0
2;18;708;0.6840579710144927;26;0.025120772946859903;301;0.29082125603864734;1035;1.0
3;21;679;0.6560386473429952;38;0.03671497584541063;318;0.3072463768115942;1035;1.0
4;6;739;0.7140096618357488;13;0.012560386473429951;283;0.27342995169082124;1035;1.0
5;9;774;0.7478260869565218;16;0.015458937198067632;245;0.23671497584541062;1035;1.0
